"","Topic 1","Topic 2","Topic 3","Topic 4","Topic 5","Topic 6","Topic 7","Topic 8","Topic 9","Topic 10","Topic 11","Topic 12","Topic 13","Topic 14","Topic 15"
"1","part","time","one","animals","others","nature","will","thing","can","reason","self","man","things","ideas","power"
"2","upon","now","another","called","like","world","first","also","must","object","form","good","may","idea","state"
"3","great","body","two","part","together","still","every","say","something","thus","consciousness","men","well","make","law"
"4","labour","therefore","different","small","ones","matter","true","case","nothing","concept","unity","even","way","knowledge","right"
"5","value","also","many","water","take","cause","possible","substance","without","pure","ground","pleasure","even","use","people"
"6","work","motion","less","like","comes","present","means","contrary","whether","merely","existence","better","much","though","laws"
"7","greater","come","hand","white","become","end","necessary","sense","since","objects","determination","makes","said","made","can"
"8","produce","number","parts","air","away","far","second","soul","thought","understanding","therefore","people","give","mind","may"
"9","whole","place","particular","earth","children","natural","belong","latter","else","given","universal","need","order","general","property"
"10","quantity","space","whole","instance","sometimes","action","always","genus","truth","hence","difference","best","might","yet","society"
"11","day","point","either","little","whose","human","belongs","species","neither","experience","determinateness","desire","according","words","life"
"12","money","infinite","side","parts","call","way","third","respect","anything","fact","content","bad","god","real","common"
"13","country","movement","equal","food","takes","individual","term","cases","thinking","relation","immediate","love","shall","name","upon"
"14","capital","rest","taken","long","example","already","terms","account","rather","principle","determined","done","see","find","force"
"15","years","becomes","kind","fire","young","etc","view","either","know","mere","absolute","sort","perhaps","simple","made"
"16","hours","always","single","seen","often","science","false","kind","exist","condition","essence","friends","let","without","free"
"17","secondly","process","three","half","times","causes","therefore","former","impossible","necessity","external","justice","think","clear","person"
"18","increase","beginning","ways","female","old","effect","last","question","think","intuition","reflection","act","able","several","government"
"19","land","change","extent","feet","instead","life","middle","just","everything","concepts","equally","mean","certain","perception","men"
"20","production","line","kinds","male","language","since","proposition","whereas","never","sense","posited","seems","used","word","rule"
